inventory_id,product_id,stock_quantity,reorder_level,last_restock_date
1,1,21,20,2026-07-21
2,2,188,20,2026-07-07
3,3,22,10,2026-07-06
4,4,0,10,2026-05-22
5,5,129,15,2026-06-25
6,6,25,20,2026-07-21
7,7,48,10,2026-07-14
8,8,38,20,2026-05-22
9,9,7,10,2026-07-05
10,10,51,15,2026-06-23
11,11,108,10,2026-07-18
12,12,58,10,2026-06-02
13,13,55,10,2026-06-26
14,14,29,15,2026-07-02
15,15,79,15,2026-02-04
16,16,48,20,2026-05-07
17,17,1,20,2026-07-23
18,18,92,25,2026-07-05
19,19,102,15,2026-07-18
20,20,375,10,2026-06-27
21,21,285,10,2026-02-20
22,22,486,10,2026-07-05
23,23,448,15,2026-07-13
24,24,339,15,2026-04-25
25,25,158,20,2026-07-17
26,26,274,10,2026-07-11
27,27,0,20,2026-05-24
28,28,149,25,2026-06-06
29,29,149,15,2026-07-01
30,30,155,25,2026-07-10
31,31,0,25,2026-05-03
32,32,81,10,2026-06-20
33,33,8,20,2026-02-17
34,34,52,20,2026-04-05
35,35,128,30,2026-01-28
36,36,94,15,2026-06-02
37,37,147,15,2026-07-23
38,38,165,15,2026-07-25
39,39,1,10,2026-03-15
40,40,4,10,2026-07-08
41,41,10,15,2026-07-10
42,42,137,10,2026-06-03
43,43,279,25,2026-07-05
44,44,32,10,2026-05-05
45,45,51,10,2026-07-21
46,46,55,15,2026-06-21
47,47,90,10,2026-05-22
48,48,31,25,2026-06-15
49,49,81,10,2026-07-24
50,50,25,30,2026-06-30
51,51,61,15,2026-02-14
52,52,87,10,2026-07-24
53,53,94,10,2026-07-24
54,54,89,25,2026-07-24
55,55,35,25,2026-07-23
56,56,55,15,2026-02-13
57,57,10,15,2026-07-07
58,58,45,25,2026-07-03
59,59,38,15,2026-06-06
60,60,14,10,2026-05-20
61,61,14,15,2026-07-21
62,62,13,25,2026-07-20
63,63,74,20,2026-05-05
64,64,6,20,2026-06-26
65,65,37,10,2026-05-09
66,66,54,10,2026-07-15
67,67,101,25,2026-07-17
68,68,26,10,2026-07-17
69,69,6,20,2026-06-09
70,70,81,15,2026-07-25
71,71,3,15,2026-05-19
72,72,80,10,2026-06-27
73,73,149,25,2026-06-12
74,74,110,10,2026-04-30
75,75,173,20,2026-03-27
76,76,60,25,2026-07-02
77,77,120,20,2026-05-05
78,78,55,20,2026-06-28
79,79,8,10,2026-05-27
80,80,34,10,2026-05-31
81,81,13,30,2026-07-05
82,82,91,30,2026-07-25
83,83,5,10,2026-03-24
84,84,10,15,2026-06-05
85,85,70,10,2026-06-13
86,86,95,15,2026-06-30
87,87,140,15,2026-07-04
88,88,200,20,2026-06-27
89,89,198,20,2026-07-03
90,90,105,10,2026-06-01
91,91,129,15,2026-07-08
92,92,195,10,2026-07-07
93,93,204,15,2026-07-19
94,94,126,20,2026-07-04
95,95,211,10,2026-03-27
96,96,155,20,2026-07-24
97,97,136,15,2026-05-27
98,98,176,15,2026-06-01
99,99,77,10,2026-04-29
100,100,42,20,2026-06-30
101,101,147,15,2026-06-26
102,102,333,10,2026-07-09
103,103,404,10,2026-05-28
104,104,468,25,2026-06-26
105,105,181,20,2026-07-17
106,106,426,10,2026-05-25
107,107,240,15,2026-06-10
108,108,263,25,2026-07-21
109,109,24,20,2026-07-12
110,110,64,15,2026-07-12
111,111,79,25,2026-06-27
112,112,53,15,2026-03-19
113,113,58,15,2026-05-05
114,114,33,15,2026-07-10
115,115,0,10,2026-05-31
116,116,64,25,2026-02-17
117,117,0,15,2026-07-25
118,118,7,10,2026-07-24
119,119,46,10,2026-07-01
120,120,45,20,2026-06-09
121,121,70,10,2026-07-14
122,122,18,20,2026-05-08
123,123,4,10,2026-07-21
124,124,282,20,2026-07-19
125,125,171,20,2026-07-06
126,126,98,20,2026-07-16
127,127,1,25,2026-06-26
128,128,243,25,2026-07-07
129,129,164,10,2026-05-02
130,130,101,20,2026-07-24
131,131,259,20,2026-07-05
132,132,255,20,2026-07-14
133,133,275,20,2026-07-02
134,134,178,15,2026-02-24
135,135,177,10,2026-06-26
136,136,8,10,2026-07-06
137,137,68,10,2026-06-14
138,138,70,20,2026-06-27
139,139,137,10,2026-07-19
140,140,7,15,2026-05-12
141,141,116,15,2026-06-20
142,142,76,20,2026-07-07
143,143,95,15,2026-07-02
144,144,110,20,2026-07-17
145,145,69,10,2026-05-08
146,146,69,10,2026-07-02
147,147,92,30,2026-06-07
148,148,42,10,2026-06-17
149,149,26,15,2026-06-17
150,150,116,15,2026-05-20
151,151,81,15,2026-07-24
152,152,81,10,2026-07-10
153,153,1,10,2026-06-06
154,154,4,10,2026-05-18
155,155,89,10,2026-07-11
156,156,48,25,2026-03-18
157,157,17,15,2026-05-08
158,158,47,10,2026-07-18
159,159,29,10,2026-07-03
160,160,57,10,2026-07-16
161,161,78,10,2026-07-17
162,162,85,15,2026-06-13
163,163,74,10,2026-07-17
164,164,14,10,2026-05-18
165,165,77,25,2026-07-11
166,166,94,15,2026-07-08
167,167,40,15,2026-05-09
168,168,84,10,2026-07-04
169,169,25,30,2026-06-08
170,170,64,15,2026-04-28
171,171,131,15,2026-07-23
172,172,72,10,2026-05-02
173,173,72,20,2026-07-13
174,174,90,10,2026-07-17
175,175,118,15,2026-07-25
176,176,89,15,2026-07-09
177,177,116,15,2026-07-24
178,178,95,10,2026-06-27
179,179,40,10,2026-05-05
180,180,45,10,2026-07-12
181,181,2,15,2026-06-29
182,182,144,20,2026-07-17
183,183,66,30,2026-07-08
184,184,4,25,2026-06-27
185,185,2,10,2026-05-30
186,186,69,10,2026-07-02
187,187,80,15,2026-05-01
188,188,9,15,2026-07-01
189,189,136,25,2026-05-12
190,190,118,10,2026-06-23
191,191,141,20,2026-06-01
192,192,58,15,2026-07-09
193,193,104,25,2026-05-28
194,194,8,10,2026-06-28
195,195,24,10,2026-06-09
196,196,93,15,2026-07-15
197,197,73,15,2026-07-03
198,198,67,25,2026-07-23
199,199,92,25,2026-04-15
200,200,17,20,2026-06-19
201,201,93,10,2026-07-15
202,202,62,15,2026-07-18
203,203,97,20,2026-07-20
204,204,7,15,2026-06-26
205,205,54,15,2026-07-17
206,206,140,20,2026-01-30
207,207,34,15,2026-07-07
208,208,148,15,2026-06-28
209,209,74,25,2026-07-13
210,210,98,10,2026-06-24
211,211,109,15,2026-06-28
212,212,120,30,2026-02-22
213,213,140,10,2026-05-18
214,214,76,15,2026-05-13
215,215,55,15,2026-02-03
216,216,8,10,2026-07-21
217,217,5,10,2026-07-19
218,218,9,25,2026-07-09
219,219,131,10,2026-02-24
220,220,62,20,2026-07-22
221,221,34,10,2026-01-30
222,222,303,30,2026-06-02
223,223,7,10,2026-07-11
224,224,174,15,2026-06-02
225,225,4,15,2026-05-21
226,226,153,15,2026-05-27
227,227,194,15,2026-07-24
228,228,195,30,2026-07-18
229,229,109,15,2026-07-02
230,230,254,15,2026-04-30
231,231,45,20,2026-06-08
232,232,6,10,2026-07-18
233,233,45,30,2026-06-27
234,234,111,10,2026-07-22
235,235,136,10,2026-07-05
236,236,25,10,2026-07-21
237,237,67,10,2026-06-12
238,238,74,10,2026-06-27
239,239,85,25,2026-07-21
240,240,59,10,2026-06-17
241,241,0,20,2026-07-15
242,242,0,10,2026-07-12
243,243,100,10,2026-07-14
244,244,18,15,2026-07-06
245,245,9,10,2026-06-24
246,246,8,20,2026-07-22
247,247,61,10,2026-07-06
248,248,3,10,2026-05-21
249,249,58,30,2026-07-11
250,250,65,10,2026-05-02
251,251,108,15,2026-05-29
252,252,39,15,2026-05-31
253,253,17,10,2026-07-17
254,254,24,20,2026-07-23
255,255,16,15,2026-06-02
256,256,76,10,2026-02-14
257,257,20,15,2026-05-08
258,258,97,10,2026-07-16
259,259,395,15,2026-07-10
260,260,155,15,2026-07-22
261,261,393,10,2026-07-08
262,262,418,15,2026-06-24
263,263,436,20,2026-07-20
264,264,117,10,2026-07-25
265,265,38,15,2026-07-21
266,266,23,10,2026-07-13
267,267,63,10,2026-07-15
268,268,92,15,2026-06-16
269,269,99,10,2026-07-11
270,270,87,15,2026-07-19
271,271,39,10,2026-07-04
272,272,87,15,2026-07-18
273,273,101,10,2026-07-19
274,274,122,10,2026-07-25
275,275,80,10,2026-07-03
276,276,96,20,2026-06-21
277,277,119,10,2026-06-26
278,278,6,15,2026-07-03
279,279,62,10,2026-07-15
280,280,146,15,2026-04-28
281,281,80,20,2026-07-07
282,282,35,15,2026-07-15
283,283,26,10,2026-05-23
284,284,49,15,2026-02-03
285,285,35,10,2026-07-20
286,286,88,10,2026-02-05
287,287,77,20,2026-06-26
288,288,107,15,2026-05-01
289,289,65,10,2026-07-11
290,290,126,10,2026-07-09
291,291,8,15,2026-06-29
292,292,107,25,2026-05-17
293,293,74,15,2026-06-30
294,294,121,15,2026-05-15
295,295,409,15,2026-07-24
296,296,275,30,2026-07-05
297,297,226,20,2026-02-18
298,298,181,15,2026-03-08
299,299,273,20,2026-07-05
300,300,133,10,2026-07-13
301,301,174,25,2026-07-07
302,302,109,10,2026-05-14
303,303,172,20,2026-07-08
304,304,104,20,2026-05-03
305,305,450,25,2026-07-04
306,306,285,10,2026-07-19
307,307,492,15,2026-07-21
308,308,251,20,2026-07-01
309,309,478,25,2026-07-15
310,310,416,10,2026-07-20
311,311,124,20,2026-07-14
312,312,161,30,2026-05-08
313,313,269,10,2026-06-30
314,314,139,15,2026-03-01
315,315,184,20,2026-07-12
316,316,129,10,2026-05-01
317,317,107,15,2026-06-26
318,318,9,25,2026-07-01
319,319,82,25,2026-07-12
320,320,4,20,2026-04-27
321,321,0,10,2026-07-18
322,322,40,15,2026-06-26
323,323,6,20,2026-07-16
324,324,140,20,2026-07-03
325,325,177,10,2026-07-17
326,326,58,15,2026-05-23
327,327,93,10,2026-07-18
328,328,137,10,2026-05-25
329,329,24,15,2026-07-03
330,330,7,10,2026-07-07
331,331,41,15,2026-07-09
332,332,149,15,2026-07-10
333,333,7,30,2026-07-25
334,334,32,10,2026-05-16
335,335,10,20,2026-07-24
336,336,101,20,2026-07-01
337,337,109,15,2026-07-21
338,338,8,10,2026-06-30
339,339,25,10,2026-07-13
340,340,89,15,2026-07-05
341,341,65,25,2026-07-05
342,342,35,20,2026-07-13
343,343,237,10,2026-07-03
344,344,176,20,2026-06-20
345,345,132,15,2026-07-23
346,346,191,10,2026-05-29
347,347,81,15,2026-06-28
348,348,103,30,2026-06-30
349,349,34,20,2026-07-09
350,350,111,10,2026-06-28
351,351,125,15,2026-07-18
352,352,71,15,2026-04-22
353,353,91,15,2026-07-11
354,354,78,10,2026-07-15
355,355,36,30,2026-07-20
356,356,54,25,2026-07-01
357,357,62,10,2026-05-12
358,358,67,10,2026-07-23
359,359,133,30,2026-05-02
360,360,108,20,2026-07-16
361,361,60,20,2026-02-04
362,362,112,15,2026-07-19
363,363,80,20,2026-07-08
364,364,84,20,2026-07-06
365,365,33,10,2026-02-24
366,366,123,15,2026-07-21
367,367,107,10,2026-07-09
368,368,137,20,2026-07-07
369,369,148,10,2026-06-28
370,370,2,15,2026-07-20
371,371,100,10,2026-02-19
372,372,118,10,2026-07-08
373,373,90,10,2026-07-09
374,374,85,25,2026-07-04
375,375,87,10,2026-04-21
376,376,13,10,2026-02-12
377,377,36,20,2026-07-05
378,378,9,10,2026-02-24
379,379,113,20,2026-07-23
380,380,30,15,2026-07-19
381,381,28,10,2026-05-10
382,382,216,30,2026-07-14
383,383,94,10,2026-07-17
384,384,112,10,2026-07-13
385,385,254,10,2026-06-15
386,386,200,10,2026-07-09
387,387,49,15,2026-07-13
388,388,40,10,2026-07-24
389,389,86,25,2026-05-26
390,390,26,20,2026-06-27
391,391,71,20,2026-07-13
392,392,9,10,2026-07-23
393,393,62,20,2026-07-06
394,394,20,10,2026-07-14
395,395,48,15,2026-07-21
396,396,70,15,2026-07-24
397,397,6,20,2026-07-21
398,398,55,10,2026-06-15
399,399,96,15,2026-07-09
400,400,110,15,2026-07-25
401,401,106,10,2026-07-16
402,402,112,25,2026-05-18
403,403,103,20,2026-05-20
404,404,126,15,2026-07-05
405,405,496,20,2026-07-04
406,406,393,25,2026-07-25
407,407,314,10,2026-05-30
408,408,83,25,2026-05-09
409,409,95,10,2026-07-15
410,410,66,15,2026-07-20
411,411,73,10,2026-07-01
412,412,92,15,2026-05-17
413,413,36,10,2026-07-16
414,414,73,20,2026-07-10
415,415,90,10,2026-07-08
416,416,121,20,2026-04-08
417,417,93,30,2026-06-26
418,418,80,20,2026-06-29
419,419,158,20,2026-07-06
420,420,76,10,2026-05-23
421,421,74,10,2026-07-03
422,422,110,10,2026-06-26
423,423,283,15,2026-07-16
424,424,70,25,2026-07-07
425,425,59,25,2026-06-27
426,426,9,30,2026-07-10
427,427,42,25,2026-07-07
428,428,47,10,2026-02-16
429,429,22,25,2026-07-19
430,430,47,10,2026-07-17
431,431,6,20,2026-05-20
432,432,29,10,2026-04-29
433,433,258,15,2026-07-04
434,434,3,15,2026-04-26
435,435,160,15,2026-07-15
436,436,102,15,2026-07-14
437,437,17,20,2026-07-20
438,438,74,25,2026-05-07
439,439,25,15,2026-03-10
440,440,38,30,2026-07-11
441,441,52,15,2026-07-10
442,442,32,20,2026-05-18
443,443,15,15,2026-07-14
444,444,10,10,2026-04-29
445,445,78,15,2026-06-28
446,446,39,20,2026-05-25
447,447,9,15,2026-07-21
448,448,83,15,2026-07-04
449,449,117,10,2026-07-25
450,450,99,10,2026-07-03
451,451,1,25,2026-06-26
452,452,46,15,2026-05-07
453,453,103,15,2026-06-27
454,454,58,15,2026-05-14
455,455,27,20,2026-07-20
456,456,60,15,2026-06-11
457,457,487,10,2026-07-04
458,458,317,15,2026-06-10
459,459,179,10,2026-04-12
460,460,7,15,2026-04-24
461,461,134,10,2026-07-06
462,462,124,10,2026-07-11
463,463,211,20,2026-06-17
464,464,248,10,2026-02-12
465,465,406,20,2026-06-10
466,466,173,30,2026-07-12
467,467,131,15,2026-07-02
468,468,420,20,2026-07-24
469,469,429,20,2026-06-05
470,470,309,10,2026-07-01
471,471,223,20,2026-07-03
472,472,8,25,2026-07-12
473,473,27,15,2026-07-15
474,474,67,20,2026-07-02
475,475,16,10,2026-05-18
476,476,2,10,2026-05-10
477,477,151,15,2026-06-04
478,478,47,10,2026-07-02
479,479,8,25,2026-05-11
480,480,162,15,2026-06-01
481,481,223,10,2026-06-27
482,482,37,20,2026-05-08
483,483,142,10,2026-07-24
484,484,53,20,2026-07-08
485,485,99,20,2026-07-19
486,486,73,15,2026-07-08
487,487,112,10,2026-05-25
488,488,87,20,2026-07-02
489,489,26,10,2026-07-20
490,490,74,30,2026-02-18
491,491,2,25,2026-05-08
492,492,0,10,2026-06-21
493,493,6,10,2026-07-24
494,494,90,25,2026-02-01
495,495,21,15,2026-07-25
496,496,90,15,2026-07-09
497,497,130,20,2026-04-13
498,498,154,10,2026-07-09
499,499,110,10,2026-07-14
500,500,137,15,2026-03-29
501,501,40,20,2026-05-08
502,502,7,15,2026-07-24
503,503,63,10,2026-05-15
504,504,88,25,2026-03-28
505,505,283,10,2026-01-29
506,506,56,10,2026-06-24
507,507,113,20,2026-05-31
508,508,193,10,2026-06-29
509,509,209,15,2026-05-06
510,510,112,10,2026-06-03
511,511,7,10,2026-07-06
512,512,96,15,2026-06-24
513,513,120,30,2026-07-14
514,514,68,15,2026-05-14
515,515,118,15,2026-05-11
516,516,5,10,2026-05-16
517,517,54,10,2026-07-25
518,518,61,15,2026-07-21
519,519,7,15,2026-07-12
520,520,2,15,2026-07-06
521,521,54,10,2026-07-01
522,522,9,25,2026-02-12
523,523,53,10,2026-07-17
524,524,13,10,2026-07-16
525,525,39,15,2026-02-05
526,526,177,10,2026-07-16
527,527,0,15,2026-06-01
528,528,104,15,2026-06-29
529,529,54,10,2026-05-12
530,530,100,10,2026-07-15
531,531,145,30,2026-06-05
532,532,120,15,2026-04-01
533,533,66,20,2026-07-02
534,534,73,15,2026-07-03
535,535,7,20,2026-07-16
536,536,59,20,2026-06-21
537,537,173,15,2026-07-09
538,538,127,15,2026-06-02
539,539,157,15,2026-04-13
540,540,89,20,2026-07-06
541,541,7,30,2026-06-30
542,542,6,10,2026-07-02
543,543,79,20,2026-07-14
544,544,91,15,2026-07-14
545,545,66,10,2026-07-23
546,546,3,10,2026-06-30
547,547,66,10,2026-07-02
548,548,263,10,2026-07-03
549,549,6,15,2026-06-15
550,550,479,10,2026-07-20
551,551,318,30,2026-07-13
552,552,28,15,2026-07-25
553,553,30,15,2026-07-25
554,554,31,10,2026-05-06
555,555,2,20,2026-07-14
556,556,132,10,2026-05-25
557,557,178,10,2026-07-13
558,558,104,15,2026-07-20
559,559,195,20,2026-02-10
560,560,3,10,2026-07-22
561,561,192,10,2026-07-06
562,562,7,15,2026-07-08
563,563,92,25,2026-07-20
564,564,27,10,2026-05-17
565,565,6,30,2026-07-19
566,566,81,15,2026-07-04
567,567,100,20,2026-07-23
568,568,111,20,2026-07-17
569,569,46,10,2026-07-02
570,570,73,15,2026-07-22
571,571,113,15,2026-05-08
572,572,75,30,2026-06-29
573,573,83,10,2026-02-28
574,574,42,15,2026-03-27
575,575,109,25,2026-05-29
576,576,42,20,2026-05-05
577,577,6,15,2026-07-20
578,578,115,10,2026-06-28
579,579,140,20,2026-07-01
580,580,142,10,2026-07-05
581,581,3,10,2026-05-03
582,582,132,20,2026-07-07
583,583,180,15,2026-07-05
584,584,43,15,2026-05-12
585,585,114,15,2026-07-07
586,586,0,20,2026-05-10
587,587,111,25,2026-05-31
588,588,129,20,2026-07-15
589,589,63,15,2026-06-28
590,590,63,25,2026-06-23
591,591,8,10,2026-04-06
592,592,20,30,2026-07-03
593,593,103,10,2026-04-30
594,594,103,15,2026-07-04
595,595,62,10,2026-05-10
596,596,79,15,2026-07-22
597,597,0,15,2026-07-18
598,598,133,10,2026-05-04
599,599,7,20,2026-07-18
600,600,474,20,2026-07-14
601,601,170,15,2026-05-01
602,602,3,10,2026-07-06
603,603,127,15,2026-07-02
604,604,120,15,2026-07-19
605,605,2,10,2026-07-02
606,606,319,10,2026-07-17
607,607,227,15,2026-05-18
608,608,453,10,2026-04-30
609,609,365,15,2026-07-13
610,610,127,20,2026-06-10
611,611,157,10,2026-06-21
612,612,106,30,2026-04-10
613,613,160,15,2026-07-20
614,614,33,10,2026-07-17
615,615,30,25,2026-07-16
616,616,143,20,2026-07-13
617,617,9,15,2026-07-23
618,618,145,25,2026-04-07
619,619,115,15,2026-05-15
620,620,31,10,2026-06-28
621,621,77,10,2026-07-11
622,622,29,10,2026-05-09
623,623,18,20,2026-06-15
624,624,64,15,2026-05-10
625,625,67,10,2026-06-08
626,626,35,20,2026-06-30
627,627,87,10,2026-05-20
628,628,83,15,2026-07-10
629,629,31,15,2026-07-22
630,630,96,20,2026-07-09
631,631,0,25,2026-07-24
632,632,59,25,2026-06-28
633,633,7,10,2026-06-26
634,634,238,20,2026-07-22
635,635,126,10,2026-06-23
636,636,135,25,2026-05-07
637,637,51,10,2026-07-14
638,638,82,20,2026-06-10
639,639,85,30,2026-04-01
640,640,79,20,2026-07-25
641,641,13,10,2026-06-29
642,642,11,30,2026-07-04
643,643,477,20,2026-07-09
644,644,314,15,2026-07-21
645,645,147,10,2026-06-28
646,646,458,25,2026-07-02
647,647,2,15,2026-05-31
648,648,10,10,2026-06-17
649,649,43,25,2026-03-07
650,650,104,10,2026-07-18
651,651,4,10,2026-06-19
652,652,31,15,2026-07-22
653,653,108,10,2026-07-17
654,654,16,10,2026-05-04
655,655,10,10,2026-06-16
656,656,4,30,2026-07-24
657,657,38,20,2026-07-13
658,658,76,20,2026-07-11
659,659,3,10,2026-07-01
660,660,21,10,2026-07-04
661,661,92,10,2026-06-26
662,662,12,30,2026-07-05
663,663,26,10,2026-05-05
664,664,15,25,2026-06-26
665,665,121,15,2026-07-12
666,666,74,25,2026-07-11
667,667,28,15,2026-05-15
668,668,310,25,2026-07-23
669,669,170,15,2026-05-05
670,670,422,30,2026-07-25
671,671,500,20,2026-06-30
672,672,389,15,2026-07-20
673,673,0,15,2026-06-30
674,674,17,20,2026-07-14
675,675,39,30,2026-07-04
676,676,78,20,2026-04-19
677,677,38,15,2026-03-08
678,678,59,10,2026-06-30
679,679,106,25,2026-07-03
680,680,160,15,2026-07-19
681,681,146,15,2026-07-24
682,682,4,15,2026-07-10
683,683,0,25,2026-07-21
684,684,65,25,2026-06-05
685,685,3,15,2026-04-12
686,686,113,30,2026-07-04
687,687,32,10,2026-07-20
688,688,75,20,2026-02-02
689,689,110,30,2026-04-27
690,690,65,10,2026-07-20
691,691,113,20,2026-07-02
692,692,0,20,2026-06-28
693,693,92,10,2026-04-28
694,694,103,10,2026-06-26
695,695,67,20,2026-07-15
696,696,16,20,2026-05-10
697,697,62,10,2026-07-03
698,698,5,20,2026-06-22
699,699,98,15,2026-07-12
700,700,53,15,2026-06-29
701,701,78,20,2026-06-15
702,702,24,10,2026-07-22
703,703,3,25,2026-07-23
704,704,31,10,2026-02-24
705,705,75,25,2026-06-27
706,706,26,10,2026-07-19
707,707,383,20,2026-06-09
708,708,252,10,2026-07-07
709,709,351,10,2026-07-12
710,710,10,15,2026-07-19
711,711,249,30,2026-07-22
712,712,303,15,2026-06-09
713,713,9,15,2026-07-13
714,714,328,10,2026-07-17
715,715,44,15,2026-07-03
716,716,20,20,2026-05-30
717,717,85,10,2026-07-13
718,718,63,30,2026-04-27
719,719,40,15,2026-06-27
720,720,9,15,2026-02-12
721,721,84,10,2026-02-28
722,722,26,30,2026-06-17
723,723,2,30,2026-06-29
724,724,167,10,2026-04-18
725,725,9,15,2026-07-17
726,726,18,20,2026-05-23
727,727,43,15,2026-07-07
728,728,40,25,2026-07-22
729,729,152,25,2026-06-09
730,730,144,15,2026-07-20
731,731,56,15,2026-05-31
732,732,6,20,2026-07-10
733,733,115,10,2026-06-06
734,734,145,25,2026-05-01
735,735,58,30,2026-06-29
736,736,113,15,2026-06-13
737,737,72,20,2026-05-01
738,738,27,15,2026-07-16
739,739,71,10,2026-04-30
740,740,42,10,2026-05-03
741,741,1,15,2026-04-01
742,742,138,15,2026-06-18
743,743,81,15,2026-07-20
744,744,141,15,2026-07-20
745,745,86,20,2026-06-07
746,746,0,10,2026-05-07
747,747,119,10,2026-07-19
748,748,62,15,2026-05-07
749,749,70,25,2026-05-18
750,750,38,10,2026-06-06
751,751,100,15,2026-07-13
752,752,335,10,2026-07-04
753,753,419,15,2026-07-09
754,754,291,15,2026-07-16
755,755,18,15,2026-07-17
756,756,40,10,2026-04-29
757,757,29,10,2026-04-29
758,758,10,15,2026-07-21
759,759,68,30,2026-07-12
760,760,9,15,2026-04-02
761,761,33,20,2026-05-26
762,762,50,15,2026-05-03
763,763,76,10,2026-07-21
764,764,102,20,2026-06-14
765,765,52,20,2026-07-18
766,766,49,15,2026-06-02
767,767,47,15,2026-07-24
768,768,99,15,2026-05-26
769,769,89,10,2026-05-23
770,770,31,25,2026-07-19
771,771,97,25,2026-04-08
772,772,116,10,2026-07-15
773,773,47,10,2026-07-11
774,774,63,15,2026-06-30
775,775,42,10,2026-07-12
776,776,142,15,2026-07-19
777,777,23,25,2026-05-23
778,778,21,15,2026-07-03
779,779,64,10,2026-07-07
780,780,33,20,2026-07-16
781,781,91,15,2026-06-27
782,782,42,10,2026-03-12
783,783,46,25,2026-03-06
784,784,0,10,2026-03-30
785,785,298,10,2026-07-05
786,786,232,25,2026-07-08
787,787,64,20,2026-06-24
788,788,2,15,2026-07-08
789,789,118,10,2026-06-25
790,790,94,10,2026-07-06
791,791,27,15,2026-05-24
792,792,25,10,2026-05-25
793,793,35,20,2026-06-13
794,794,62,10,2026-07-10
795,795,98,25,2026-07-25
796,796,0,10,2026-07-07
797,797,58,25,2026-06-21
798,798,37,25,2026-05-27
799,799,62,10,2026-06-29
800,800,30,25,2026-07-04
801,801,119,10,2026-04-30
802,802,3,20,2026-07-14
803,803,179,10,2026-06-02
804,804,66,10,2026-07-11
805,805,118,20,2026-07-12
806,806,62,10,2026-06-22
807,807,60,10,2026-02-24
808,808,132,10,2026-07-14
809,809,53,15,2026-06-27
810,810,31,10,2026-06-25
811,811,77,30,2026-06-04
812,812,44,15,2026-05-26
813,813,118,10,2026-04-29
814,814,31,10,2026-02-21
815,815,134,15,2026-07-01
816,816,55,10,2026-07-09
817,817,107,15,2026-06-20
818,818,127,15,2026-07-10
819,819,40,30,2026-06-24
820,820,7,10,2026-06-29
821,821,10,30,2026-04-30
822,822,145,20,2026-07-15
823,823,67,20,2026-06-04
824,824,282,20,2026-07-11
825,825,4,10,2026-07-05
826,826,89,15,2026-07-22
827,827,3,15,2026-05-09
828,828,42,10,2026-07-22
829,829,115,10,2026-06-13
830,830,42,20,2026-07-05
831,831,165,10,2026-05-27
832,832,144,10,2026-07-09
833,833,156,25,2026-05-26
834,834,119,25,2026-07-07
835,835,36,10,2026-05-18
836,836,84,25,2026-07-06
837,837,117,10,2026-07-15
838,838,77,20,2026-07-06
839,839,115,15,2026-05-21
840,840,111,20,2026-07-19
841,841,419,20,2026-04-28
842,842,463,20,2026-02-21
843,843,426,10,2026-07-14
844,844,398,15,2026-05-30
845,845,373,10,2026-05-05
846,846,0,10,2026-07-24
847,847,66,10,2026-06-07
848,848,52,20,2026-06-07
849,849,79,10,2026-06-19
850,850,96,20,2026-05-09
851,851,59,10,2026-05-05
852,852,98,20,2026-03-08
853,853,110,30,2026-07-08
854,854,5,10,2026-05-01
855,855,77,25,2026-05-15
856,856,170,15,2026-05-07
857,857,69,10,2026-07-04
858,858,3,20,2026-07-24
859,859,162,10,2026-06-28
860,860,104,15,2026-04-21
861,861,102,15,2026-05-16
862,862,184,10,2026-05-21
863,863,196,10,2026-07-20
864,864,144,10,2026-07-13
865,865,4,25,2026-06-04
866,866,70,30,2026-05-26
867,867,181,10,2026-05-28
868,868,179,15,2026-06-23
869,869,97,15,2026-06-18
870,870,153,20,2026-07-09
871,871,52,15,2026-07-10
872,872,4,10,2026-07-22
873,873,73,15,2026-06-12
874,874,32,25,2026-07-22
875,875,131,15,2026-01-29
876,876,137,20,2026-07-23
877,877,5,15,2026-07-18
878,878,124,15,2026-05-29
879,879,119,20,2026-07-05
880,880,36,20,2026-07-03
881,881,111,25,2026-06-30
882,882,42,10,2026-03-09
883,883,27,15,2026-07-21
884,884,95,30,2026-07-04
885,885,115,30,2026-06-28
886,886,51,10,2026-07-13
887,887,41,10,2026-04-29
888,888,148,15,2026-05-24
889,889,3,10,2026-06-13
890,890,10,25,2026-04-27
891,891,381,15,2026-07-16
892,892,228,10,2026-05-25
893,893,282,10,2026-06-19
894,894,135,25,2026-07-11
895,895,437,10,2026-07-07
896,896,261,30,2026-07-15
897,897,213,20,2026-06-08
898,898,168,20,2026-07-10
899,899,283,20,2026-07-22
900,900,102,10,2026-06-29
901,901,9,10,2026-05-16
902,902,2,25,2026-05-16
903,903,10,15,2026-06-12
904,904,95,10,2026-05-22
905,905,496,10,2026-06-27
906,906,475,25,2026-07-09
907,907,303,15,2026-07-18
908,908,414,20,2026-06-17
909,909,191,15,2026-06-28
910,910,66,25,2026-07-01
911,911,13,10,2026-07-04
912,912,51,15,2026-04-21
913,913,6,10,2026-02-04
914,914,38,15,2026-07-13
915,915,51,15,2026-06-21
916,916,53,30,2026-07-13
917,917,49,15,2026-07-06
918,918,0,25,2026-07-18
919,919,5,10,2026-07-14
920,920,160,20,2026-07-15
921,921,346,20,2026-07-07
922,922,310,10,2026-07-07
923,923,108,15,2026-07-07
924,924,3,10,2026-07-13
925,925,49,25,2026-05-04
926,926,83,10,2026-05-26
927,927,58,10,2026-07-21
928,928,61,15,2026-07-20
929,929,102,25,2026-07-23
930,930,113,10,2026-07-09
931,931,144,20,2026-05-18
932,932,8,25,2026-06-27
933,933,148,20,2026-07-04
934,934,10,15,2026-07-01
935,935,130,15,2026-07-24
936,936,129,10,2026-05-06
937,937,109,15,2026-05-08
938,938,167,10,2026-07-10
939,939,41,10,2026-05-30
940,940,25,20,2026-05-20
941,941,91,10,2026-05-12
942,942,77,15,2026-07-05
943,943,58,25,2026-07-14
944,944,112,15,2026-07-08
945,945,86,10,2026-07-10
946,946,98,15,2026-05-31
947,947,50,20,2026-07-03
948,948,45,10,2026-07-15
949,949,33,10,2026-04-26
950,950,114,15,2026-06-20
951,951,4,15,2026-05-10
952,952,245,15,2026-07-03
953,953,69,25,2026-05-16
954,954,21,10,2026-05-05
955,955,44,10,2026-07-09
956,956,98,10,2026-07-18
957,957,60,10,2026-07-13
958,958,121,15,2026-07-25
959,959,37,25,2026-07-02
960,960,109,10,2026-06-11
961,961,44,15,2026-07-25
962,962,72,15,2026-07-09
963,963,34,20,2026-02-17
964,964,93,10,2026-07-13
965,965,118,10,2026-07-01
966,966,275,25,2026-05-26
967,967,2,15,2026-06-11
968,968,157,20,2026-07-14
969,969,44,20,2026-07-16
970,970,6,10,2026-02-25
971,971,151,25,2026-07-02
972,972,137,15,2026-07-02
973,973,235,10,2026-07-18
974,974,282,10,2026-06-26
975,975,8,15,2026-05-22
976,976,346,15,2026-06-27
977,977,394,25,2026-07-01
978,978,243,15,2026-06-17
979,979,7,15,2026-07-09
980,980,451,20,2026-07-22
981,981,335,10,2026-07-04
982,982,99,10,2026-06-28
983,983,95,10,2026-07-06
984,984,48,15,2026-07-03
985,985,71,25,2026-07-20
986,986,150,15,2026-07-22
987,987,127,10,2026-07-13
988,988,58,15,2026-07-12
989,989,100,20,2026-07-08
990,990,32,15,2026-06-22
991,991,85,15,2026-05-28
992,992,173,15,2026-06-26
993,993,216,10,2026-06-28
994,994,141,15,2026-05-22
995,995,185,15,2026-05-25
996,996,268,25,2026-07-16
997,997,114,25,2026-04-27
998,998,423,15,2026-06-26
999,999,3,10,2026-07-05
1000,1000,236,15,2026-06-27
1001,1001,285,20,2026-07-11
1002,1002,194,25,2026-07-18
1003,1003,480,20,2026-07-20
1004,1004,148,10,2026-05-21
1005,1005,7,15,2026-04-13
1006,1006,54,10,2026-03-08
1007,1007,78,20,2026-07-21
1008,1008,3,10,2026-05-01
1009,1009,136,15,2026-04-27
1010,1010,76,10,2026-02-16
1011,1011,96,15,2026-04-30
1012,1012,92,15,2026-06-26
1013,1013,94,10,2026-07-16
1014,1014,58,10,2026-07-09
1015,1015,133,10,2026-07-08
1016,1016,0,25,2026-02-24
1017,1017,260,20,2026-06-30
1018,1018,0,15,2026-07-08
1019,1019,167,10,2026-06-01
1020,1020,152,10,2026-07-18
1021,1021,112,25,2026-05-13
1022,1022,93,20,2026-05-30
1023,1023,18,10,2026-07-05
1024,1024,67,10,2026-06-13
1025,1025,177,10,2026-07-20
1026,1026,244,10,2026-05-10
1027,1027,0,10,2026-07-19
1028,1028,259,20,2026-07-14
1029,1029,116,10,2026-06-16
1030,1030,7,10,2026-07-19
1031,1031,42,20,2026-06-18
1032,1032,101,10,2026-05-28
1033,1033,14,10,2026-06-19
1034,1034,36,15,2026-06-06
1035,1035,30,15,2026-06-26
1036,1036,25,10,2026-06-13
1037,1037,16,25,2026-07-22
1038,1038,65,10,2026-07-17
1039,1039,60,20,2026-07-24
1040,1040,98,15,2026-07-14
1041,1041,41,10,2026-07-06
1042,1042,107,15,2026-07-05
1043,1043,78,20,2026-07-18
1044,1044,217,20,2026-07-19
1045,1045,0,15,2026-06-09
1046,1046,288,20,2026-07-08
1047,1047,44,15,2026-07-15
1048,1048,55,25,2026-06-28
1049,1049,28,15,2026-06-29
1050,1050,66,15,2026-05-24
1051,1051,67,25,2026-06-02
1052,1052,81,10,2026-07-08
1053,1053,68,15,2026-07-08
1054,1054,92,10,2026-06-18
1055,1055,2,10,2026-04-04
1056,1056,71,10,2026-07-24
1057,1057,119,20,2026-07-03
1058,1058,32,15,2026-06-21
1059,1059,0,25,2026-04-27
1060,1060,140,15,2026-06-02
1061,1061,312,20,2026-06-22
1062,1062,236,15,2026-05-03
1063,1063,210,30,2026-07-02
1064,1064,297,10,2026-07-18
1065,1065,191,15,2026-07-02
1066,1066,10,15,2026-07-04
1067,1067,93,10,2026-07-13
1068,1068,120,15,2026-06-26
1069,1069,201,15,2026-03-10
1070,1070,260,20,2026-07-18
1071,1071,149,15,2026-07-02
1072,1072,62,15,2026-07-02
1073,1073,5,15,2026-06-27
1074,1074,43,30,2026-07-15
1075,1075,0,20,2026-06-08
1076,1076,70,15,2026-04-07
1077,1077,8,15,2026-07-14
1078,1078,56,10,2026-06-20
1079,1079,97,25,2026-05-10
1080,1080,86,10,2026-05-12
1081,1081,129,25,2026-07-16
1082,1082,10,15,2026-04-28
1083,1083,69,25,2026-06-26
1084,1084,78,20,2026-04-27
1085,1085,0,20,2026-07-16
1086,1086,203,15,2026-07-09
1087,1087,118,10,2026-05-31
1088,1088,298,10,2026-06-30
1089,1089,107,10,2026-07-02
1090,1090,7,10,2026-07-12
1091,1091,41,20,2026-07-19
1092,1092,108,15,2026-07-02
1093,1093,56,10,2026-06-05
1094,1094,98,10,2026-05-29
1095,1095,49,10,2026-07-25
1096,1096,186,30,2026-05-05
1097,1097,174,15,2026-03-28
1098,1098,291,10,2026-06-20
1099,1099,1,10,2026-06-16
1100,1100,187,10,2026-06-18
1101,1101,281,10,2026-07-08
1102,1102,172,15,2026-06-16
1103,1103,49,15,2026-02-18
1104,1104,3,10,2026-07-03
1105,1105,67,15,2026-04-18
1106,1106,178,20,2026-03-11
1107,1107,49,10,2026-06-01
1108,1108,234,15,2026-04-29
1109,1109,42,10,2026-07-11
1110,1110,25,10,2026-03-18
1111,1111,120,20,2026-07-04
1112,1112,97,10,2026-02-21
1113,1113,35,15,2026-04-30
1114,1114,27,25,2026-03-29
1115,1115,120,20,2026-07-13
1116,1116,78,15,2026-07-12
1117,1117,47,15,2026-07-05
1118,1118,9,20,2026-07-21
1119,1119,72,25,2026-06-26
1120,1120,23,20,2026-07-20
1121,1121,76,15,2026-06-14
1122,1122,23,20,2026-04-30
1123,1123,125,10,2026-05-04
1124,1124,90,10,2026-07-21
1125,1125,176,15,2026-05-17
1126,1126,79,10,2026-07-23
1127,1127,142,10,2026-05-26
1128,1128,52,10,2026-07-10
1129,1129,4,10,2026-07-25
1130,1130,57,10,2026-06-13
1131,1131,13,10,2026-03-01
1132,1132,67,20,2026-04-30
1133,1133,123,20,2026-05-04
1134,1134,100,15,2026-02-12
1135,1135,29,15,2026-06-29
1136,1136,82,15,2026-07-02
1137,1137,7,15,2026-06-22
1138,1138,132,15,2026-06-29
1139,1139,62,15,2026-06-22
1140,1140,28,15,2026-06-20
1141,1141,24,10,2026-06-27
1142,1142,27,15,2026-07-25
1143,1143,85,25,2026-04-30
1144,1144,42,10,2026-05-11
1145,1145,51,10,2026-05-16
1146,1146,118,20,2026-02-07
1147,1147,116,15,2026-07-20
1148,1148,116,10,2026-07-01
1149,1149,254,10,2026-05-28
1150,1150,132,10,2026-07-19
1151,1151,0,20,2026-07-10
1152,1152,21,15,2026-07-19
1153,1153,141,15,2026-07-06
1154,1154,82,25,2026-07-05
1155,1155,73,10,2026-07-05
1156,1156,57,25,2026-05-03
1157,1157,104,25,2026-07-12
1158,1158,61,20,2026-05-12
1159,1159,166,20,2026-07-11
1160,1160,112,25,2026-07-16
1161,1161,117,20,2026-05-03
1162,1162,42,15,2026-06-28
1163,1163,72,15,2026-07-19
1164,1164,18,15,2026-02-18
1165,1165,66,20,2026-05-06
1166,1166,41,15,2026-06-09
1167,1167,99,15,2026-07-07
1168,1168,113,15,2026-07-20
1169,1169,49,20,2026-04-26
1170,1170,8,15,2026-06-28
1171,1171,98,30,2026-07-15
1172,1172,74,10,2026-07-16
1173,1173,37,10,2026-07-15
1174,1174,49,20,2026-07-02
1175,1175,27,20,2026-06-29
1176,1176,142,25,2026-05-15
1177,1177,3,15,2026-05-22
1178,1178,138,20,2026-07-02
1179,1179,9,10,2026-06-05
1180,1180,24,10,2026-05-05
1181,1181,110,10,2026-06-29
1182,1182,7,15,2026-05-20
1183,1183,67,15,2026-05-08
1184,1184,100,20,2026-07-23
1185,1185,80,15,2026-06-06
1186,1186,63,10,2026-07-24
1187,1187,141,10,2026-06-30
1188,1188,89,10,2026-07-10
1189,1189,92,10,2026-07-01
1190,1190,130,30,2026-07-21
1191,1191,29,15,2026-05-23
1192,1192,5,25,2026-05-18
1193,1193,47,15,2026-07-09
1194,1194,44,10,2026-05-16
1195,1195,46,10,2026-07-08
1196,1196,61,20,2026-07-20
1197,1197,6,30,2026-07-22
1198,1198,49,15,2026-07-03
1199,1199,161,10,2026-07-06
1200,1200,153,15,2026-07-10
1201,1201,27,10,2026-07-12
1202,1202,195,15,2026-06-29
1203,1203,129,15,2026-06-29
1204,1204,80,30,2026-05-27
1205,1205,87,20,2026-02-26
1206,1206,5,20,2026-05-27
1207,1207,154,10,2026-06-09
1208,1208,240,10,2026-03-15
1209,1209,103,15,2026-07-10
1210,1210,8,15,2026-07-01
1211,1211,52,15,2026-07-03
1212,1212,103,15,2026-07-16
1213,1213,122,15,2026-07-18
1214,1214,143,15,2026-06-29
1215,1215,130,20,2026-06-30
1216,1216,160,10,2026-05-09
1217,1217,289,10,2026-07-15
1218,1218,267,10,2026-04-18
1219,1219,234,10,2026-06-22
1220,1220,3,25,2026-02-04
1221,1221,115,20,2026-07-16
1222,1222,268,10,2026-06-05
1223,1223,195,25,2026-03-13
1224,1224,44,15,2026-06-28
1225,1225,5,10,2026-04-20
1226,1226,0,15,2026-04-12
1227,1227,55,10,2026-05-31
1228,1228,111,15,2026-07-08
1229,1229,42,15,2026-07-13
1230,1230,66,20,2026-06-28
1231,1231,37,10,2026-06-16
1232,1232,82,20,2026-04-09
1233,1233,7,25,2026-05-12
1234,1234,59,15,2026-07-12
1235,1235,62,15,2026-07-12
1236,1236,78,15,2026-05-11
1237,1237,57,25,2026-07-24
1238,1238,77,15,2026-07-07
1239,1239,15,10,2026-05-02
1240,1240,498,10,2026-07-09
1241,1241,145,10,2026-05-14
1242,1242,139,20,2026-07-07
1243,1243,127,25,2026-07-25
1244,1244,362,25,2026-07-15
1245,1245,250,10,2026-06-26
1246,1246,255,20,2026-07-24
1247,1247,163,10,2026-07-16
1248,1248,174,10,2026-07-21
1249,1249,86,10,2026-06-08
1250,1250,26,20,2026-04-28
1251,1251,44,20,2026-07-20
1252,1252,114,10,2026-07-09
1253,1253,102,30,2026-02-09
1254,1254,54,20,2026-05-30
1255,1255,75,20,2026-06-15
1256,1256,103,10,2026-06-29
1257,1257,3,15,2026-07-10
1258,1258,106,25,2026-07-04
1259,1259,70,10,2026-07-12
1260,1260,0,25,2026-07-04
1261,1261,150,20,2026-06-26
1262,1262,105,30,2026-06-26
1263,1263,84,10,2026-07-22
1264,1264,164,15,2026-05-09
1265,1265,187,15,2026-07-15
1266,1266,28,10,2026-07-25
1267,1267,6,15,2026-07-04
1268,1268,33,20,2026-07-24
1269,1269,0,10,2026-02-01
1270,1270,37,30,2026-05-11
1271,1271,21,25,2026-07-04
1272,1272,92,15,2026-04-12
1273,1273,42,10,2026-06-21
1274,1274,45,20,2026-05-14
1275,1275,51,10,2026-06-08
1276,1276,58,15,2026-03-24
1277,1277,82,10,2026-06-26
1278,1278,115,10,2026-07-21
1279,1279,125,10,2026-04-28
1280,1280,86,10,2026-07-07
1281,1281,134,10,2026-07-05
1282,1282,29,20,2026-07-03
1283,1283,120,15,2026-07-01
1284,1284,131,15,2026-05-05
1285,1285,158,10,2026-07-03
1286,1286,71,10,2026-07-14
1287,1287,48,15,2026-05-15
1288,1288,9,25,2026-06-29
1289,1289,108,10,2026-07-08
1290,1290,7,20,2026-07-13
1291,1291,50,15,2026-05-28
1292,1292,22,10,2026-07-07
1293,1293,54,10,2026-07-16
1294,1294,62,30,2026-07-15
1295,1295,1,15,2026-07-05
1296,1296,63,25,2026-05-22
1297,1297,10,10,2026-07-02
1298,1298,1,15,2026-04-21
1299,1299,21,10,2026-04-29
1300,1300,17,15,2026-07-07
1301,1301,2,10,2026-07-06
1302,1302,30,15,2026-05-09
1303,1303,46,10,2026-05-22
1304,1304,4,20,2026-07-15
1305,1305,5,10,2026-07-03
1306,1306,46,15,2026-04-21
1307,1307,10,15,2026-06-27
1308,1308,103,10,2026-02-02
1309,1309,245,15,2026-05-07
1310,1310,164,10,2026-05-23
1311,1311,222,25,2026-06-23
1312,1312,101,15,2026-02-05
1313,1313,48,10,2026-07-18
1314,1314,77,30,2026-05-01
1315,1315,79,15,2026-07-05
1316,1316,45,10,2026-07-21
1317,1317,70,15,2026-06-26
1318,1318,6,10,2026-07-15
1319,1319,488,15,2026-07-24
1320,1320,190,10,2026-07-09
1321,1321,4,20,2026-07-15
1322,1322,482,20,2026-07-01
1323,1323,4,10,2026-05-01
1324,1324,76,10,2026-07-24
1325,1325,57,10,2026-06-14
1326,1326,54,15,2026-07-14
1327,1327,71,10,2026-07-07
1328,1328,3,10,2026-07-12
1329,1329,107,10,2026-07-20
1330,1330,63,15,2026-07-18
1331,1331,9,15,2026-02-10
1332,1332,138,10,2026-05-09
1333,1333,83,10,2026-06-27
1334,1334,58,25,2026-05-30
1335,1335,30,30,2026-05-24
1336,1336,9,15,2026-05-12
1337,1337,135,15,2026-07-01
1338,1338,0,20,2026-04-10
1339,1339,81,15,2026-07-10
1340,1340,61,20,2026-05-09
1341,1341,136,15,2026-07-03
1342,1342,114,15,2026-06-25
1343,1343,38,15,2026-05-23
1344,1344,7,20,2026-05-17
1345,1345,146,20,2026-06-27
1346,1346,68,15,2026-03-11
1347,1347,96,15,2026-07-24
1348,1348,129,15,2026-05-21
1349,1349,144,10,2026-07-08
1350,1350,8,20,2026-05-01
1351,1351,207,20,2026-06-05
1352,1352,236,15,2026-07-24
1353,1353,6,15,2026-06-29
1354,1354,9,20,2026-07-16
1355,1355,288,20,2026-04-18
1356,1356,334,10,2026-07-20
1357,1357,39,10,2026-07-03
1358,1358,3,25,2026-07-05
1359,1359,0,15,2026-04-27
1360,1360,6,15,2026-06-24
1361,1361,36,10,2026-05-03
1362,1362,180,10,2026-07-05
1363,1363,98,15,2026-05-23
1364,1364,128,15,2026-06-27
1365,1365,58,20,2026-07-14
1366,1366,27,10,2026-07-20
1367,1367,56,20,2026-07-20
1368,1368,93,25,2026-06-15
1369,1369,10,30,2026-07-11
1370,1370,28,10,2026-05-14
1371,1371,49,10,2026-07-20
1372,1372,20,25,2026-07-10
1373,1373,63,25,2026-07-02
1374,1374,144,10,2026-05-26
1375,1375,161,20,2026-05-10
1376,1376,128,10,2026-07-10
1377,1377,42,20,2026-07-25
1378,1378,132,10,2026-07-15
1379,1379,4,15,2026-06-26
1380,1380,70,10,2026-07-11
1381,1381,42,30,2026-07-10
1382,1382,150,25,2026-03-11
1383,1383,129,15,2026-07-16
1384,1384,197,30,2026-06-20
1385,1385,267,20,2026-07-11
1386,1386,257,20,2026-06-29
1387,1387,84,10,2026-06-28
1388,1388,211,10,2026-03-09
1389,1389,7,15,2026-07-20
1390,1390,110,10,2026-06-07
1391,1391,61,20,2026-07-07
1392,1392,81,20,2026-06-30
1393,1393,0,10,2026-02-04
1394,1394,93,20,2026-07-20
1395,1395,98,15,2026-07-01
1396,1396,28,15,2026-07-10
1397,1397,53,15,2026-07-03
1398,1398,67,15,2026-06-28
1399,1399,94,10,2026-06-27
1400,1400,65,10,2026-07-12
1401,1401,65,10,2026-07-05
1402,1402,85,10,2026-05-08
1403,1403,3,15,2026-05-04
1404,1404,58,10,2026-06-02
1405,1405,10,15,2026-07-21
1406,1406,72,20,2026-06-26
1407,1407,38,10,2026-06-29
1408,1408,139,15,2026-05-23
1409,1409,116,15,2026-06-18
1410,1410,14,10,2026-07-25
1411,1411,44,20,2026-07-11
1412,1412,71,20,2026-07-03
1413,1413,20,10,2026-06-16
1414,1414,44,10,2026-07-23
1415,1415,490,20,2026-07-01
1416,1416,320,10,2026-06-30
1417,1417,403,10,2026-07-17
1418,1418,5,20,2026-05-06
1419,1419,10,10,2026-04-03
1420,1420,114,10,2026-06-08
1421,1421,278,15,2026-05-07
1422,1422,35,15,2026-06-29
1423,1423,6,15,2026-06-07
1424,1424,73,10,2026-04-27
1425,1425,69,25,2026-07-03
1426,1426,61,20,2026-06-29
1427,1427,53,15,2026-07-12
1428,1428,6,10,2026-07-21
1429,1429,51,20,2026-07-24
1430,1430,8,10,2026-07-06
1431,1431,133,10,2026-06-28
1432,1432,37,25,2026-05-13
1433,1433,23,30,2026-07-22
1434,1434,153,20,2026-07-21
1435,1435,171,30,2026-04-29
1436,1436,36,15,2026-07-19
1437,1437,123,10,2026-05-10
1438,1438,79,15,2026-05-05
1439,1439,56,15,2026-05-31
1440,1440,70,10,2026-06-19
1441,1441,8,15,2026-06-17
1442,1442,0,20,2026-05-25
1443,1443,27,15,2026-06-16
1444,1444,17,20,2026-05-23
1445,1445,64,10,2026-05-25
1446,1446,74,10,2026-05-22
1447,1447,0,20,2026-04-11
1448,1448,100,25,2026-07-24
1449,1449,9,20,2026-04-30
1450,1450,145,15,2026-07-13
1451,1451,48,15,2026-07-08
1452,1452,140,15,2026-05-24
1453,1453,5,15,2026-02-07
1454,1454,108,30,2026-07-25
1455,1455,26,20,2026-07-02
1456,1456,107,25,2026-07-22
1457,1457,55,15,2026-07-18
1458,1458,92,10,2026-07-03
1459,1459,5,10,2026-07-08
1460,1460,63,20,2026-07-09
1461,1461,39,10,2026-07-25
1462,1462,53,15,2026-07-22
1463,1463,17,20,2026-07-10
1464,1464,90,10,2026-06-02
1465,1465,30,15,2026-05-06
1466,1466,9,10,2026-07-16
1467,1467,245,20,2026-06-20
1468,1468,88,15,2026-07-07
1469,1469,283,15,2026-07-23
1470,1470,194,15,2026-07-04
1471,1471,142,15,2026-07-09
1472,1472,132,25,2026-05-23
1473,1473,295,10,2026-02-26
1474,1474,262,25,2026-06-22
1475,1475,226,15,2026-07-02
1476,1476,193,20,2026-06-28
1477,1477,72,15,2026-06-08
1478,1478,122,10,2026-05-31
1479,1479,116,10,2026-06-29
1480,1480,288,15,2026-07-05
1481,1481,143,10,2026-07-17
1482,1482,182,20,2026-06-28
1483,1483,8,20,2026-06-27
1484,1484,10,10,2026-07-12
1485,1485,86,15,2026-05-03
1486,1486,2,15,2026-07-22
1487,1487,168,15,2026-07-06
1488,1488,6,10,2026-07-13
1489,1489,480,10,2026-07-21
1490,1490,4,30,2026-07-17
1491,1491,128,15,2026-07-22
1492,1492,316,15,2026-07-17
1493,1493,174,15,2026-05-04
1494,1494,92,30,2026-05-03
1495,1495,112,25,2026-05-06
1496,1496,42,15,2026-07-03
1497,1497,113,20,2026-07-18
1498,1498,59,10,2026-03-25
1499,1499,160,10,2026-06-15
1500,1500,202,25,2026-05-30
1501,1501,180,25,2026-05-25
1502,1502,251,25,2026-07-12
1503,1503,91,20,2026-05-24
1504,1504,7,15,2026-05-09
1505,1505,98,10,2026-07-05
1506,1506,66,20,2026-07-13
1507,1507,49,10,2026-07-20
1508,1508,101,30,2026-05-08
1509,1509,10,20,2026-06-05
1510,1510,114,10,2026-07-07
1511,1511,56,10,2026-07-20
1512,1512,68,25,2026-06-11
1513,1513,0,10,2026-07-06
1514,1514,21,30,2026-07-03
1515,1515,16,15,2026-07-17
1516,1516,6,10,2026-07-25
1517,1517,65,20,2026-01-30
1518,1518,72,20,2026-06-28
1519,1519,83,10,2026-07-21
1520,1520,67,15,2026-03-21
1521,1521,63,15,2026-07-21
1522,1522,0,30,2026-07-11
1523,1523,289,15,2026-06-20
1524,1524,0,10,2026-07-03
1525,1525,74,20,2026-05-09
1526,1526,38,10,2026-07-15
1527,1527,140,25,2026-01-31
1528,1528,173,20,2026-06-25
1529,1529,178,15,2026-01-31
1530,1530,30,15,2026-07-09
1531,1531,106,25,2026-07-15
1532,1532,130,10,2026-07-24
1533,1533,147,25,2026-05-09
1534,1534,130,10,2026-05-17
1535,1535,43,15,2026-07-20
1536,1536,72,20,2026-06-28
1537,1537,91,20,2026-07-21
1538,1538,3,10,2026-07-03
1539,1539,24,30,2026-04-21
1540,1540,100,15,2026-07-22
1541,1541,23,10,2026-06-28
1542,1542,26,20,2026-05-20
1543,1543,79,10,2026-04-26
1544,1544,78,10,2026-03-26
1545,1545,44,25,2026-07-04
1546,1546,51,15,2026-07-22
1547,1547,59,10,2026-07-03
1548,1548,136,15,2026-07-04
1549,1549,0,30,2026-05-28
1550,1550,165,10,2026-05-05
1551,1551,97,20,2026-05-21
1552,1552,112,10,2026-07-18
1553,1553,117,10,2026-06-15
1554,1554,118,10,2026-05-15
1555,1555,48,15,2026-06-30
1556,1556,97,15,2026-07-22
1557,1557,75,10,2026-07-13
1558,1558,82,15,2026-07-12
1559,1559,88,10,2026-06-20
1560,1560,6,30,2026-05-15
1561,1561,59,25,2026-07-05
1562,1562,94,15,2026-06-30
1563,1563,58,30,2026-06-06
1564,1564,129,10,2026-07-23
1565,1565,47,15,2026-07-11
1566,1566,84,15,2026-07-01
1567,1567,49,20,2026-06-30
1568,1568,301,10,2026-07-03
1569,1569,400,20,2026-05-28
1570,1570,235,10,2026-04-03
1571,1571,140,20,2026-05-01
1572,1572,131,15,2026-07-22
1573,1573,0,20,2026-07-13
1574,1574,144,10,2026-05-17
1575,1575,121,20,2026-07-21
1576,1576,0,10,2026-07-19
1577,1577,46,15,2026-07-18
1578,1578,100,25,2026-07-23
1579,1579,79,10,2026-07-22
1580,1580,44,20,2026-07-10
1581,1581,135,15,2026-07-16
1582,1582,131,15,2026-07-22
1583,1583,116,15,2026-07-10
1584,1584,101,20,2026-04-22
1585,1585,87,15,2026-04-27
1586,1586,129,25,2026-07-24
1587,1587,79,15,2026-07-17
1588,1588,121,25,2026-07-06
1589,1589,103,15,2026-07-20
1590,1590,64,15,2026-07-09
1591,1591,213,25,2026-05-11
1592,1592,107,25,2026-06-01
1593,1593,224,20,2026-05-02
1594,1594,146,10,2026-05-14
1595,1595,27,10,2026-06-19
1596,1596,68,10,2026-07-24
1597,1597,50,25,2026-07-20
1598,1598,148,10,2026-07-12
1599,1599,4,10,2026-07-17
1600,1600,110,20,2026-05-21
1601,1601,58,25,2026-05-18
1602,1602,110,10,2026-02-27
1603,1603,116,10,2026-07-06
1604,1604,33,20,2026-07-22
1605,1605,35,25,2026-04-06
1606,1606,110,15,2026-07-02
1607,1607,39,15,2026-07-21
1608,1608,4,15,2026-07-01
1609,1609,0,20,2026-07-16
1610,1610,36,10,2026-05-30
1611,1611,185,10,2026-05-23
1612,1612,73,10,2026-06-26
1613,1613,132,30,2026-07-04
1614,1614,22,15,2026-05-11
1615,1615,32,10,2026-07-01
1616,1616,30,15,2026-06-26
1617,1617,69,30,2026-02-01
1618,1618,191,15,2026-05-12
1619,1619,195,20,2026-07-14
1620,1620,0,10,2026-06-26
1621,1621,7,15,2026-07-08
1622,1622,84,20,2026-04-30
1623,1623,88,15,2026-07-16
1624,1624,9,10,2026-05-09
1625,1625,71,30,2026-07-23
1626,1626,49,15,2026-06-15
1627,1627,0,25,2026-07-17
1628,1628,109,10,2026-07-09
1629,1629,1,20,2026-07-09
1630,1630,16,20,2026-02-28
1631,1631,104,10,2026-07-18
1632,1632,94,15,2026-05-16
1633,1633,96,10,2026-07-04
1634,1634,111,15,2026-07-13
1635,1635,51,10,2026-07-19
1636,1636,66,15,2026-07-12
1637,1637,30,10,2026-07-21
1638,1638,268,10,2026-05-31
1639,1639,242,25,2026-07-05
1640,1640,265,20,2026-03-04
1641,1641,113,15,2026-07-11
1642,1642,9,25,2026-07-19
1643,1643,56,20,2026-03-10
1644,1644,160,15,2026-07-22
1645,1645,248,10,2026-07-14
1646,1646,291,10,2026-06-30
1647,1647,10,15,2026-03-18
1648,1648,210,10,2026-06-25
1649,1649,6,10,2026-07-10
1650,1650,389,15,2026-07-13
1651,1651,468,20,2026-07-21
1652,1652,335,20,2026-06-16
1653,1653,266,10,2026-05-17
1654,1654,219,25,2026-07-24
1655,1655,326,20,2026-05-01
1656,1656,112,15,2026-05-11
1657,1657,430,10,2026-07-19
1658,1658,158,15,2026-07-07
1659,1659,141,15,2026-07-04
1660,1660,66,30,2026-07-19
1661,1661,168,15,2026-05-18
1662,1662,170,10,2026-06-24
1663,1663,43,15,2026-06-05
1664,1664,31,10,2026-07-20
1665,1665,43,10,2026-07-16
1666,1666,106,10,2026-06-05
1667,1667,111,10,2026-07-15
1668,1668,6,10,2026-04-11
1669,1669,4,20,2026-07-10
1670,1670,358,15,2026-07-24
1671,1671,383,15,2026-07-12
1672,1672,109,10,2026-01-30
1673,1673,9,20,2026-07-07
1674,1674,15,20,2026-06-30
1675,1675,52,15,2026-07-18
1676,1676,59,30,2026-07-24
1677,1677,0,15,2026-06-07
1678,1678,26,10,2026-02-24
1679,1679,37,20,2026-07-14
1680,1680,32,15,2026-07-24
1681,1681,73,15,2026-07-13
1682,1682,22,20,2026-03-02
1683,1683,69,30,2026-07-04
1684,1684,86,10,2026-05-28
1685,1685,89,30,2026-07-11
1686,1686,47,10,2026-05-15
1687,1687,82,15,2026-01-30
1688,1688,145,20,2026-06-30
1689,1689,39,15,2026-05-04
1690,1690,51,15,2026-05-04
1691,1691,119,10,2026-05-12
1692,1692,51,15,2026-03-01
1693,1693,0,20,2026-05-13
1694,1694,65,10,2026-05-16
1695,1695,111,10,2026-03-11
1696,1696,8,25,2026-06-12
1697,1697,0,30,2026-06-18
1698,1698,92,15,2026-07-19
1699,1699,92,20,2026-06-14
1700,1700,3,20,2026-06-26
1701,1701,34,25,2026-06-08
1702,1702,91,10,2026-01-30
1703,1703,37,20,2026-06-25
1704,1704,87,20,2026-05-02
1705,1705,60,20,2026-07-22
1706,1706,64,15,2026-07-24
1707,1707,33,10,2026-02-17
1708,1708,10,15,2026-06-27
1709,1709,13,30,2026-07-03
1710,1710,19,25,2026-07-15
1711,1711,90,15,2026-07-12
1712,1712,105,20,2026-07-10
1713,1713,107,20,2026-05-23
1714,1714,38,20,2026-05-08
1715,1715,8,15,2026-07-24
1716,1716,116,10,2026-06-21
1717,1717,35,25,2026-07-16
1718,1718,60,10,2026-05-21
1719,1719,7,15,2026-05-30
1720,1720,81,20,2026-05-27
1721,1721,59,25,2026-06-04
1722,1722,91,20,2026-07-15
1723,1723,18,10,2026-07-23
1724,1724,29,25,2026-07-09
1725,1725,58,15,2026-06-14
1726,1726,26,10,2026-07-12
1727,1727,181,20,2026-06-27
1728,1728,52,10,2026-07-15
1729,1729,17,15,2026-06-16
1730,1730,9,20,2026-07-24
1731,1731,65,30,2026-06-13
1732,1732,102,10,2026-07-03
1733,1733,168,20,2026-05-20
1734,1734,193,15,2026-07-11
1735,1735,61,15,2026-02-04
1736,1736,157,15,2026-07-10
1737,1737,209,20,2026-07-13
1738,1738,43,15,2026-07-25
1739,1739,112,10,2026-07-07
1740,1740,224,10,2026-07-19
1741,1741,76,25,2026-06-04
1742,1742,82,10,2026-06-29
1743,1743,45,10,2026-06-01
1744,1744,48,10,2026-07-11
1745,1745,52,20,2026-02-06
1746,1746,96,10,2026-06-26
1747,1747,4,10,2026-07-14
1748,1748,59,30,2026-07-24
1749,1749,80,10,2026-06-30
1750,1750,4,10,2026-05-01
1751,1751,9,30,2026-06-12
1752,1752,140,20,2026-06-15
1753,1753,150,15,2026-07-20
1754,1754,115,15,2026-07-10
1755,1755,122,15,2026-05-15
1756,1756,4,25,2026-07-18
1757,1757,98,15,2026-07-20
1758,1758,115,10,2026-07-01
1759,1759,8,15,2026-07-24
1760,1760,104,10,2026-07-12
1761,1761,127,15,2026-07-25
1762,1762,74,10,2026-06-27
1763,1763,9,15,2026-05-06
1764,1764,73,10,2026-07-24
1765,1765,100,10,2026-07-16
1766,1766,189,20,2026-07-06
1767,1767,198,20,2026-04-25
1768,1768,184,20,2026-05-31
1769,1769,46,15,2026-07-01
1770,1770,243,10,2026-06-12
1771,1771,279,20,2026-06-30
1772,1772,4,15,2026-03-04
1773,1773,270,25,2026-07-21
1774,1774,52,10,2026-05-25
1775,1775,110,10,2026-07-04
1776,1776,157,10,2026-07-07
1777,1777,55,10,2026-03-15
1778,1778,174,25,2026-07-13
1779,1779,72,25,2026-07-13
1780,1780,47,10,2026-02-04
1781,1781,43,10,2026-06-14
1782,1782,10,15,2026-07-23
1783,1783,118,10,2026-07-04
1784,1784,136,10,2026-07-20
1785,1785,125,15,2026-04-10
1786,1786,344,20,2026-06-27
1787,1787,166,25,2026-06-29
1788,1788,343,10,2026-07-16
1789,1789,357,20,2026-07-19
1790,1790,0,10,2026-07-13
1791,1791,36,15,2026-02-23
1792,1792,78,10,2026-07-05
1793,1793,63,10,2026-05-06
1794,1794,83,20,2026-05-30
1795,1795,99,20,2026-06-26
1796,1796,109,15,2026-07-24
1797,1797,40,10,2026-06-07
1798,1798,28,20,2026-06-12
1799,1799,72,30,2026-07-14
1800,1800,2,15,2026-05-30
1801,1801,42,10,2026-07-25
1802,1802,8,15,2026-05-02
1803,1803,14,10,2026-06-26
1804,1804,8,15,2026-07-08
1805,1805,101,30,2026-06-29
1806,1806,30,10,2026-07-22
1807,1807,25,15,2026-07-23
1808,1808,11,20,2026-07-14
1809,1809,101,10,2026-06-12
1810,1810,16,20,2026-05-15
1811,1811,46,15,2026-07-24
1812,1812,32,20,2026-04-27
1813,1813,81,10,2026-07-25
1814,1814,106,20,2026-06-21
1815,1815,44,20,2026-06-15
1816,1816,31,15,2026-07-15
1817,1817,137,15,2026-03-07
1818,1818,101,10,2026-07-15
1819,1819,245,20,2026-07-19
1820,1820,73,20,2026-07-06
1821,1821,74,25,2026-07-01
1822,1822,92,20,2026-04-27
1823,1823,127,10,2026-07-15
1824,1824,238,20,2026-01-28
1825,1825,3,15,2026-06-05
1826,1826,143,10,2026-06-26
1827,1827,117,15,2026-05-24
1828,1828,23,10,2026-04-29
1829,1829,4,20,2026-05-17
1830,1830,3,15,2026-07-21
1831,1831,428,10,2026-02-09
1832,1832,327,20,2026-07-17
1833,1833,489,10,2026-05-30
1834,1834,247,20,2026-07-02
1835,1835,51,10,2026-06-26
1836,1836,51,20,2026-06-11
1837,1837,68,15,2026-07-05
1838,1838,0,25,2026-07-19
1839,1839,3,25,2026-07-20
1840,1840,46,10,2026-07-02
1841,1841,26,20,2026-07-20
1842,1842,43,10,2026-07-05
1843,1843,135,20,2026-07-14
1844,1844,46,15,2026-07-06
1845,1845,122,10,2026-02-24
1846,1846,0,15,2026-05-08
1847,1847,63,15,2026-07-02
1848,1848,73,15,2026-07-13
1849,1849,138,10,2026-07-10
1850,1850,63,10,2026-05-10
1851,1851,140,15,2026-07-13
1852,1852,110,15,2026-07-07
1853,1853,1,30,2026-06-26
1854,1854,64,20,2026-03-13
1855,1855,87,15,2026-07-24
1856,1856,143,15,2026-07-10
1857,1857,6,15,2026-05-12
1858,1858,43,10,2026-07-04
1859,1859,4,15,2026-04-06
1860,1860,0,20,2026-04-28
1861,1861,461,15,2026-02-19
1862,1862,316,10,2026-07-03
1863,1863,372,20,2026-07-16
1864,1864,485,25,2026-06-20
1865,1865,10,20,2026-07-21
1866,1866,207,25,2026-07-16
1867,1867,0,10,2026-07-22
1868,1868,7,15,2026-05-10
1869,1869,65,15,2026-06-13
1870,1870,148,25,2026-06-29
1871,1871,71,10,2026-07-01
1872,1872,124,15,2026-04-13
1873,1873,62,10,2026-07-22
1874,1874,107,10,2026-07-10
1875,1875,45,10,2026-07-25
1876,1876,30,10,2026-07-25
1877,1877,88,25,2026-07-15
1878,1878,48,15,2026-06-05
1879,1879,51,20,2026-07-24
1880,1880,47,20,2026-06-28
1881,1881,97,20,2026-04-23
1882,1882,72,10,2026-05-04
1883,1883,62,15,2026-05-26
1884,1884,94,10,2026-03-16
1885,1885,0,15,2026-06-30
1886,1886,96,15,2026-05-31
1887,1887,40,10,2026-02-25
1888,1888,45,20,2026-07-19
1889,1889,149,10,2026-07-23
1890,1890,139,10,2026-07-22
1891,1891,158,10,2026-07-01
1892,1892,42,10,2026-04-23
1893,1893,103,25,2026-06-11
1894,1894,95,15,2026-06-18
1895,1895,78,15,2026-06-30
1896,1896,38,25,2026-05-18
1897,1897,6,15,2026-05-09
1898,1898,93,15,2026-06-28
1899,1899,39,10,2026-07-23
1900,1900,6,20,2026-04-12
1901,1901,26,25,2026-02-12
1902,1902,199,10,2026-06-28
1903,1903,256,10,2026-07-04
1904,1904,104,15,2026-06-11
1905,1905,1,15,2026-07-21
1906,1906,191,20,2026-07-11
1907,1907,5,10,2026-05-05
1908,1908,57,15,2026-07-03
1909,1909,10,15,2026-05-25
1910,1910,292,10,2026-06-16
1911,1911,207,20,2026-03-29
1912,1912,126,25,2026-05-02
1913,1913,300,10,2026-04-28
1914,1914,22,15,2026-07-04
1915,1915,64,20,2026-07-09
1916,1916,56,20,2026-06-28
1917,1917,32,10,2026-05-19
1918,1918,26,20,2026-05-27
1919,1919,162,10,2026-06-07
1920,1920,68,10,2026-05-09
1921,1921,107,20,2026-07-04
1922,1922,119,10,2026-03-03
1923,1923,31,25,2026-07-10
1924,1924,16,10,2026-07-15
1925,1925,29,15,2026-07-24
1926,1926,7,15,2026-06-14
1927,1927,292,20,2026-01-31
1928,1928,498,15,2026-06-01
1929,1929,434,15,2026-07-22
1930,1930,8,15,2026-03-29
1931,1931,0,15,2026-07-17
1932,1932,22,20,2026-07-10
1933,1933,99,15,2026-07-22
1934,1934,101,25,2026-06-14
1935,1935,99,10,2026-07-08
1936,1936,92,15,2026-07-07
1937,1937,129,20,2026-07-01
1938,1938,109,25,2026-07-06
1939,1939,25,15,2026-06-18
1940,1940,10,10,2026-07-08
1941,1941,485,10,2026-02-21
1942,1942,378,10,2026-02-01
1943,1943,0,10,2026-02-19
1944,1944,250,20,2026-07-07
1945,1945,260,15,2026-03-12
1946,1946,150,10,2026-06-29
1947,1947,1,10,2026-06-29
1948,1948,54,15,2026-07-14
1949,1949,128,10,2026-07-13
1950,1950,61,15,2026-07-17
1951,1951,98,10,2026-07-05
1952,1952,91,20,2026-07-14
1953,1953,92,20,2026-05-30
1954,1954,50,30,2026-07-25
1955,1955,41,10,2026-07-22
1956,1956,62,10,2026-06-02
1957,1957,109,10,2026-06-11
1958,1958,45,15,2026-03-09
1959,1959,51,10,2026-06-06
1960,1960,145,10,2026-07-07
1961,1961,89,15,2026-06-15
1962,1962,119,10,2026-05-13
1963,1963,156,15,2026-05-31
1964,1964,52,10,2026-05-11
1965,1965,52,10,2026-07-17
1966,1966,6,20,2026-07-06
1967,1967,137,10,2026-02-26
1968,1968,45,30,2026-07-03
1969,1969,114,10,2026-06-20
1970,1970,62,20,2026-05-16
1971,1971,4,25,2026-07-24
1972,1972,5,15,2026-06-28
1973,1973,0,25,2026-04-27
1974,1974,71,15,2026-05-13
1975,1975,99,10,2026-07-19
1976,1976,105,10,2026-07-08
1977,1977,41,30,2026-04-28
1978,1978,77,20,2026-07-11
1979,1979,96,25,2026-04-29
1980,1980,19,15,2026-07-14
1981,1981,64,15,2026-07-22
1982,1982,36,20,2026-05-02
1983,1983,5,15,2026-07-25
1984,1984,77,15,2026-02-03
1985,1985,9,25,2026-05-02
1986,1986,50,10,2026-07-16
1987,1987,5,10,2026-05-31
1988,1988,45,15,2026-07-09
1989,1989,59,15,2026-04-26
1990,1990,84,10,2026-07-16
1991,1991,66,15,2026-07-11
1992,1992,76,10,2026-07-12
1993,1993,0,25,2026-06-18
1994,1994,25,10,2026-07-15
1995,1995,40,20,2026-01-31
1996,1996,35,15,2026-06-30
1997,1997,52,10,2026-04-30
1998,1998,119,10,2026-04-24
1999,1999,6,15,2026-06-10
2000,2000,6,15,2026-07-25
2001,2001,42,10,2026-07-12
2002,2002,24,20,2026-07-17
2003,2003,38,30,2026-06-29
2004,2004,65,20,2026-05-12
2005,2005,83,10,2026-02-10
2006,2006,29,10,2026-07-24
2007,2007,34,25,2026-07-06
2008,2008,120,10,2026-07-16
2009,2009,79,10,2026-07-24
2010,2010,33,10,2026-07-17
2011,2011,127,10,2026-06-14
2012,2012,1,20,2026-07-16
2013,2013,45,15,2026-07-10
2014,2014,97,10,2026-05-13
2015,2015,21,10,2026-06-02
2016,2016,80,15,2026-07-05
2017,2017,79,15,2026-06-17
2018,2018,82,10,2026-06-26
2019,2019,29,10,2026-07-22
2020,2020,9,15,2026-07-10
2021,2021,30,15,2026-07-21
2022,2022,75,20,2026-05-08
2023,2023,76,30,2026-05-28
2024,2024,20,25,2026-07-12
2025,2025,357,20,2026-07-17
2026,2026,166,10,2026-04-19
2027,2027,455,10,2026-05-25
2028,2028,151,30,2026-07-01
2029,2029,163,20,2026-07-17
2030,2030,20,10,2026-07-03
2031,2031,0,25,2026-07-09
2032,2032,154,10,2026-06-07
2033,2033,161,10,2026-07-08
2034,2034,25,15,2026-03-22
2035,2035,54,25,2026-07-18
2036,2036,46,15,2026-07-14
2037,2037,67,10,2026-02-15
2038,2038,37,15,2026-06-05
2039,2039,6,20,2026-07-17
2040,2040,7,15,2026-02-11
2041,2041,7,25,2026-07-05
2042,2042,161,10,2026-07-15
2043,2043,168,15,2026-05-31
2044,2044,79,20,2026-07-21
2045,2045,43,15,2026-06-29
2046,2046,44,15,2026-04-03
2047,2047,22,10,2026-05-04
2048,2048,175,10,2026-07-12
2049,2049,123,10,2026-07-02
2050,2050,23,15,2026-07-25
2051,2051,1,20,2026-06-23
2052,2052,2,10,2026-02-09
2053,2053,0,30,2026-04-13
2054,2054,101,25,2026-07-21
2055,2055,159,25,2026-06-06
2056,2056,59,10,2026-07-17
2057,2057,51,10,2026-07-08
2058,2058,70,25,2026-07-25
2059,2059,8,10,2026-07-14
2060,2060,72,25,2026-05-13
2061,2061,43,15,2026-03-29
2062,2062,5,15,2026-06-18
2063,2063,36,25,2026-06-14
2064,2064,100,15,2026-06-16
2065,2065,97,10,2026-06-03
2066,2066,44,25,2026-04-27
2067,2067,101,20,2026-05-01
2068,2068,29,20,2026-07-21
2069,2069,142,20,2026-07-12
2070,2070,91,10,2026-07-21
2071,2071,118,15,2026-07-10
2072,2072,125,15,2026-06-17
2073,2073,82,15,2026-07-08
2074,2074,93,15,2026-07-23
2075,2075,78,15,2026-05-05
2076,2076,114,10,2026-07-19
2077,2077,27,15,2026-07-21
2078,2078,32,25,2026-06-28
2079,2079,129,10,2026-06-29
2080,2080,149,25,2026-07-19
2081,2081,32,20,2026-07-03
2082,2082,73,20,2026-05-29
2083,2083,114,10,2026-07-10
2084,2084,30,10,2026-07-23
2085,2085,11,15,2026-06-16
2086,2086,70,20,2026-05-12
2087,2087,70,15,2026-06-30
2088,2088,11,10,2026-06-27
2089,2089,169,20,2026-07-25
2090,2090,123,20,2026-05-21
2091,2091,81,25,2026-07-03
2092,2092,55,10,2026-07-13
2093,2093,47,20,2026-07-24
2094,2094,62,20,2026-02-08
2095,2095,454,15,2026-07-05
2096,2096,294,10,2026-05-15
2097,2097,238,10,2026-07-06
2098,2098,271,10,2026-07-08
2099,2099,4,15,2026-06-06
2100,2100,203,15,2026-07-17
2101,2101,10,15,2026-06-30
2102,2102,124,10,2026-04-25
2103,2103,87,30,2026-07-15
2104,2104,200,15,2026-07-04
2105,2105,7,25,2026-07-09
2106,2106,53,10,2026-05-26
2107,2107,24,10,2026-07-11
2108,2108,2,30,2026-07-19
2109,2109,56,20,2026-07-09
2110,2110,175,20,2026-03-14
2111,2111,53,10,2026-06-28
2112,2112,30,25,2026-06-01
2113,2113,176,15,2026-02-13
2114,2114,147,10,2026-07-01
2115,2115,160,25,2026-04-29
2116,2116,2,15,2026-07-16
2117,2117,91,15,2026-07-23
2118,2118,137,10,2026-07-17
2119,2119,133,20,2026-07-22
2120,2120,144,10,2026-05-31
2121,2121,173,25,2026-07-14
2122,2122,174,30,2026-07-04
2123,2123,130,10,2026-05-13
2124,2124,1,20,2026-06-29
2125,2125,54,25,2026-07-20
2126,2126,33,10,2026-05-14
2127,2127,8,15,2026-06-29
2128,2128,36,10,2026-06-26
2129,2129,125,10,2026-07-15
2130,2130,169,15,2026-05-26
2131,2131,8,10,2026-07-10
2132,2132,4,10,2026-07-06
2133,2133,12,25,2026-07-12
2134,2134,32,10,2026-05-08
2135,2135,39,10,2026-07-21
2136,2136,7,10,2026-05-28
2137,2137,77,10,2026-06-14
2138,2138,21,25,2026-07-01
2139,2139,35,10,2026-07-10
2140,2140,110,10,2026-06-03
2141,2141,83,15,2026-06-30
2142,2142,35,10,2026-05-17
2143,2143,6,10,2026-04-27
2144,2144,6,10,2026-03-05
2145,2145,20,30,2026-04-10
2146,2146,44,10,2026-06-13
2147,2147,89,20,2026-06-12
2148,2148,44,30,2026-07-25
2149,2149,66,10,2026-05-24
2150,2150,35,20,2026-05-27
2151,2151,65,15,2026-07-09
2152,2152,62,10,2026-07-12
2153,2153,123,15,2026-06-28
2154,2154,263,15,2026-04-27
2155,2155,90,30,2026-06-19
2156,2156,1,15,2026-07-10
2157,2157,91,15,2026-06-30
2158,2158,5,25,2026-07-01
2159,2159,235,10,2026-06-18
2160,2160,138,15,2026-05-11
2161,2161,121,10,2026-07-18
2162,2162,88,25,2026-06-29
2163,2163,126,20,2026-06-26
2164,2164,23,10,2026-05-03
2165,2165,173,10,2026-07-07
2166,2166,81,15,2026-07-06
2167,2167,33,20,2026-07-21
2168,2168,54,30,2026-06-27
2169,2169,25,15,2026-06-30
2170,2170,2,15,2026-05-03
2171,2171,38,20,2026-07-15
2172,2172,16,10,2026-07-01
2173,2173,8,15,2026-07-23
2174,2174,8,20,2026-07-11
2175,2175,124,15,2026-06-27
2176,2176,49,15,2026-07-01
2177,2177,73,20,2026-06-08
2178,2178,3,15,2026-05-19
2179,2179,39,15,2026-07-22
2180,2180,5,25,2026-07-10
2181,2181,141,20,2026-07-10
2182,2182,77,10,2026-04-17
2183,2183,63,15,2026-06-26
2184,2184,30,10,2026-07-20
2185,2185,90,15,2026-07-15
2186,2186,71,30,2026-07-25
2187,2187,104,10,2026-07-06
2188,2188,0,10,2026-07-21
2189,2189,56,10,2026-07-15
2190,2190,2,20,2026-03-23
2191,2191,30,30,2026-07-08
2192,2192,64,20,2026-07-09
2193,2193,29,10,2026-06-28
2194,2194,40,30,2026-06-30
2195,2195,199,10,2026-07-02
2196,2196,268,15,2026-05-04
2197,2197,95,15,2026-07-07
2198,2198,72,15,2026-05-24
2199,2199,249,10,2026-05-15
2200,2200,220,15,2026-06-30
2201,2201,67,15,2026-07-04
2202,2202,57,20,2026-07-15
2203,2203,104,10,2026-07-15
2204,2204,36,15,2026-05-23
2205,2205,163,10,2026-04-30
2206,2206,39,15,2026-05-13
2207,2207,101,20,2026-07-24
2208,2208,147,10,2026-07-22
2209,2209,3,15,2026-07-18
2210,2210,41,10,2026-05-20
2211,2211,64,10,2026-05-31
2212,2212,9,25,2026-07-05
2213,2213,0,15,2026-05-30
2214,2214,40,10,2026-07-23
2215,2215,45,15,2026-07-16
2216,2216,131,15,2026-04-28
2217,2217,6,25,2026-07-18
2218,2218,1,10,2026-01-28
2219,2219,72,10,2026-06-27
2220,2220,152,30,2026-04-20
2221,2221,26,10,2026-04-17
2222,2222,191,15,2026-06-08
2223,2223,110,15,2026-07-15
2224,2224,251,15,2026-05-23
2225,2225,284,20,2026-03-16
2226,2226,287,10,2026-07-16
2227,2227,220,15,2026-05-14
2228,2228,31,20,2026-07-10
2229,2229,1,20,2026-07-13
2230,2230,18,10,2026-05-08
2231,2231,45,20,2026-07-11
2232,2232,69,10,2026-06-26
2233,2233,62,25,2026-07-01
2234,2234,13,10,2026-07-16
2235,2235,78,15,2026-06-27
2236,2236,2,10,2026-06-14
2237,2237,65,20,2026-07-17
2238,2238,9,10,2026-07-21
2239,2239,80,15,2026-07-17
2240,2240,31,15,2026-05-29
2241,2241,49,15,2026-07-09
2242,2242,91,15,2026-05-15
2243,2243,19,10,2026-07-24
2244,2244,35,10,2026-07-18
2245,2245,56,15,2026-07-02
2246,2246,39,15,2026-07-19
2247,2247,93,20,2026-07-25
2248,2248,9,25,2026-05-09
2249,2249,81,10,2026-06-15
2250,2250,63,10,2026-07-10
2251,2251,7,10,2026-07-23
2252,2252,6,15,2026-02-11
2253,2253,0,25,2026-07-24
2254,2254,77,20,2026-07-18
2255,2255,26,20,2026-06-19
2256,2256,47,15,2026-05-22
2257,2257,87,10,2026-06-29
2258,2258,115,10,2026-07-04
2259,2259,140,20,2026-07-17
2260,2260,472,15,2026-07-12
2261,2261,437,30,2026-07-25
2262,2262,479,20,2026-07-19
2263,2263,199,25,2026-07-22
2264,2264,420,20,2026-05-28
2265,2265,369,10,2026-03-13
2266,2266,300,15,2026-03-22
2267,2267,121,15,2026-05-03
2268,2268,321,20,2026-06-30
2269,2269,247,10,2026-06-26
2270,2270,69,20,2026-07-16
2271,2271,95,10,2026-07-23
2272,2272,11,15,2026-06-29
2273,2273,16,15,2026-07-14
2274,2274,10,10,2026-06-27
2275,2275,119,15,2026-02-14
2276,2276,37,20,2026-07-02
2277,2277,164,25,2026-07-24
2278,2278,105,10,2026-06-01
2279,2279,40,25,2026-02-09
2280,2280,159,15,2026-05-05
2281,2281,107,20,2026-07-12
2282,2282,58,10,2026-06-26
2283,2283,89,10,2026-05-03
2284,2284,37,15,2026-05-24
2285,2285,111,15,2026-07-11
2286,2286,72,15,2026-04-23
2287,2287,73,10,2026-06-26
2288,2288,51,15,2026-07-06
2289,2289,389,25,2026-06-28
2290,2290,306,20,2026-07-01
2291,2291,335,20,2026-07-17
2292,2292,432,10,2026-06-29
2293,2293,346,20,2026-06-18
2294,2294,445,15,2026-05-12
2295,2295,173,15,2026-04-09
2296,2296,445,15,2026-07-05
2297,2297,103,20,2026-06-13
2298,2298,1,10,2026-05-23
2299,2299,4,10,2026-07-09
2300,2300,32,25,2026-07-10
2301,2301,129,10,2026-06-09
2302,2302,112,15,2026-06-18
2303,2303,106,10,2026-07-02
2304,2304,26,15,2026-06-13
2305,2305,42,10,2026-07-07
2306,2306,90,10,2026-06-30
2307,2307,7,20,2026-07-16
2308,2308,77,15,2026-07-24
2309,2309,183,15,2026-06-26
2310,2310,50,15,2026-06-08
2311,2311,0,10,2026-06-28
2312,2312,104,25,2026-07-09
2313,2313,3,15,2026-06-04
2314,2314,55,10,2026-06-06
2315,2315,37,25,2026-06-01
2316,2316,175,20,2026-06-26
2317,2317,154,10,2026-05-19
2318,2318,104,15,2026-06-21
2319,2319,3,10,2026-05-25
2320,2320,136,10,2026-07-01
2321,2321,75,10,2026-05-10
2322,2322,122,25,2026-07-17
2323,2323,2,15,2026-07-05
2324,2324,129,10,2026-06-01
2325,2325,10,15,2026-07-10
2326,2326,186,10,2026-05-29
2327,2327,138,10,2026-07-04
2328,2328,1,20,2026-06-02
2329,2329,165,15,2026-07-20
2330,2330,155,15,2026-05-20
2331,2331,148,15,2026-05-21
2332,2332,37,15,2026-05-01
2333,2333,2,10,2026-07-22
2334,2334,4,10,2026-07-25
2335,2335,47,25,2026-07-03
2336,2336,30,30,2026-07-07
2337,2337,76,25,2026-07-13
2338,2338,79,20,2026-07-10
2339,2339,234,20,2026-07-12
2340,2340,271,25,2026-07-19
2341,2341,475,10,2026-04-28
2342,2342,220,15,2026-05-20
2343,2343,459,20,2026-06-03
2344,2344,313,15,2026-06-20
2345,2345,285,25,2026-07-24
2346,2346,8,15,2026-05-29
2347,2347,156,10,2026-07-01
2348,2348,30,15,2026-05-13
2349,2349,7,15,2026-07-01
2350,2350,21,15,2026-07-21
2351,2351,2,25,2026-03-10
2352,2352,48,15,2026-07-18
2353,2353,1,10,2026-04-30
2354,2354,93,15,2026-04-25
2355,2355,56,20,2026-07-21
2356,2356,61,10,2026-07-05
2357,2357,62,10,2026-07-04
2358,2358,2,10,2026-03-31
2359,2359,476,20,2026-05-02
2360,2360,465,10,2026-07-08
2361,2361,434,10,2026-06-05
2362,2362,357,10,2026-07-12
2363,2363,418,15,2026-06-26
2364,2364,9,10,2026-06-12
2365,2365,3,10,2026-07-11
2366,2366,63,30,2026-06-29
2367,2367,5,15,2026-07-23
2368,2368,10,15,2026-07-13
2369,2369,10,10,2026-07-04
2370,2370,11,20,2026-07-01
2371,2371,26,25,2026-06-04
2372,2372,87,20,2026-07-01
2373,2373,0,20,2026-05-01
2374,2374,34,20,2026-07-02
2375,2375,93,25,2026-02-26
2376,2376,86,10,2026-07-02
2377,2377,80,10,2026-06-30
2378,2378,90,10,2026-07-08
2379,2379,166,15,2026-06-02
2380,2380,84,20,2026-05-18
2381,2381,0,10,2026-05-03
2382,2382,65,15,2026-07-25
2383,2383,111,15,2026-06-12
2384,2384,168,25,2026-07-06
2385,2385,36,15,2026-06-30
2386,2386,146,10,2026-06-16
2387,2387,32,10,2026-06-14
2388,2388,132,15,2026-07-03
2389,2389,86,30,2026-06-28
2390,2390,110,15,2026-07-18
2391,2391,39,15,2026-07-23
2392,2392,103,15,2026-05-13
2393,2393,129,25,2026-07-15
2394,2394,112,10,2026-07-05
2395,2395,95,15,2026-07-24
2396,2396,116,25,2026-07-06
2397,2397,200,15,2026-05-24
2398,2398,216,25,2026-07-07
2399,2399,3,15,2026-04-16
2400,2400,154,15,2026-02-05
2401,2401,254,15,2026-06-27
2402,2402,66,15,2026-05-23
2403,2403,88,10,2026-06-26
2404,2404,82,20,2026-03-28
2405,2405,49,20,2026-06-27
2406,2406,40,15,2026-06-26
2407,2407,143,15,2026-07-12
2408,2408,52,25,2026-06-26
2409,2409,164,20,2026-05-06
2410,2410,95,10,2026-07-09
2411,2411,162,15,2026-06-13
2412,2412,131,10,2026-07-17
2413,2413,197,25,2026-06-17
2414,2414,131,15,2026-06-21
2415,2415,9,25,2026-03-12
2416,2416,9,10,2026-07-15
2417,2417,139,10,2026-06-19
2418,2418,30,10,2026-02-28
2419,2419,135,20,2026-07-01
2420,2420,54,20,2026-05-19
2421,2421,150,10,2026-05-19
2422,2422,136,15,2026-07-09
2423,2423,60,25,2026-07-16
2424,2424,31,15,2026-05-19
2425,2425,143,15,2026-07-15
2426,2426,147,10,2026-05-09
2427,2427,118,10,2026-07-07
2428,2428,65,10,2026-07-22
2429,2429,87,15,2026-06-07
2430,2430,172,30,2026-04-27
2431,2431,182,10,2026-06-29
2432,2432,126,10,2026-02-16
2433,2433,139,10,2026-06-24
2434,2434,184,25,2026-07-02
2435,2435,52,20,2026-07-22
2436,2436,50,15,2026-07-17
2437,2437,3,30,2026-06-18
2438,2438,40,20,2026-07-23
2439,2439,149,10,2026-07-02
2440,2440,497,10,2026-04-29
2441,2441,321,10,2026-05-23
2442,2442,385,20,2026-06-23
2443,2443,421,10,2026-07-13
2444,2444,212,20,2026-07-21
2445,2445,28,20,2026-07-19
2446,2446,16,30,2026-05-09
2447,2447,60,10,2026-07-19
2448,2448,29,15,2026-07-13
2449,2449,80,15,2026-07-04
2450,2450,96,20,2026-05-14
2451,2451,120,15,2026-07-16
2452,2452,2,30,2026-05-08
2453,2453,328,10,2026-06-18
2454,2454,263,20,2026-07-13
2455,2455,496,25,2026-05-01
2456,2456,310,20,2026-07-17
2457,2457,120,15,2026-07-15
2458,2458,60,15,2026-05-29
2459,2459,26,10,2026-06-04
2460,2460,25,10,2026-07-07
2461,2461,88,10,2026-05-17
2462,2462,36,15,2026-07-02
2463,2463,0,15,2026-06-04
2464,2464,118,20,2026-07-24
2465,2465,66,15,2026-02-17
2466,2466,111,10,2026-04-28
2467,2467,72,10,2026-06-25
2468,2468,1,20,2026-07-09
2469,2469,82,10,2026-07-25
2470,2470,118,20,2026-07-02
2471,2471,7,20,2026-07-02
2472,2472,135,10,2026-07-02
2473,2473,118,15,2026-06-29
2474,2474,142,10,2026-05-06
2475,2475,131,15,2026-07-15
2476,2476,120,10,2026-07-19
2477,2477,10,15,2026-07-23
2478,2478,77,15,2026-06-26
2479,2479,89,10,2026-07-10
2480,2480,67,20,2026-05-28
2481,2481,23,15,2026-07-14
2482,2482,33,15,2026-06-30
2483,2483,30,10,2026-06-28
2484,2484,95,10,2026-07-06
2485,2485,159,10,2026-07-12
2486,2486,212,20,2026-07-03
2487,2487,248,25,2026-07-19
2488,2488,290,15,2026-07-05
2489,2489,276,20,2026-06-28
2490,2490,81,25,2026-07-23
2491,2491,6,10,2026-06-15
2492,2492,19,10,2026-07-20
2493,2493,92,15,2026-05-21
2494,2494,26,10,2026-07-16
2495,2495,137,20,2026-07-06
2496,2496,97,20,2026-07-09
2497,2497,127,15,2026-05-23
2498,2498,85,15,2026-04-09
2499,2499,141,10,2026-07-21
2500,2500,21,10,2026-07-03
2501,2501,8,10,2026-07-11
2502,2502,37,15,2026-07-18
2503,2503,23,25,2026-06-29
2504,2504,129,15,2026-07-06
2505,2505,85,15,2026-06-13
2506,2506,3,10,2026-07-20
2507,2507,46,10,2026-07-05
2508,2508,104,15,2026-05-18
2509,2509,113,20,2026-04-28
2510,2510,31,10,2026-07-19
2511,2511,10,10,2026-06-28
2512,2512,0,10,2026-04-09
2513,2513,66,15,2026-07-16
2514,2514,25,10,2026-07-01
2515,2515,70,15,2026-06-05
2516,2516,174,20,2026-02-04
2517,2517,56,20,2026-07-10
2518,2518,84,20,2026-07-12
2519,2519,65,10,2026-07-11
2520,2520,108,20,2026-07-08
2521,2521,63,15,2026-07-02
2522,2522,65,15,2026-07-25
2523,2523,99,10,2026-07-17
2524,2524,23,15,2026-07-17
2525,2525,121,10,2026-06-09
2526,2526,34,30,2026-05-01
2527,2527,140,30,2026-05-25
2528,2528,159,20,2026-07-25
2529,2529,96,10,2026-05-01
2530,2530,15,15,2026-06-22
2531,2531,95,10,2026-07-08
2532,2532,29,20,2026-06-04
2533,2533,45,25,2026-07-07
2534,2534,51,15,2026-03-06
2535,2535,90,20,2026-06-29
2536,2536,28,20,2026-07-11
2537,2537,10,10,2026-07-20
2538,2538,117,20,2026-07-17
2539,2539,25,10,2026-07-03
2540,2540,8,10,2026-04-03
2541,2541,195,10,2026-06-24
2542,2542,105,10,2026-07-23
2543,2543,226,10,2026-04-29
2544,2544,482,20,2026-07-24
2545,2545,246,10,2026-07-15
2546,2546,196,10,2026-07-16
2547,2547,325,10,2026-07-07
2548,2548,495,15,2026-07-05
2549,2549,187,10,2026-06-01
2550,2550,391,10,2026-06-03
2551,2551,449,20,2026-07-03
2552,2552,382,20,2026-06-20
